วิชา,บท,หัวข้อ,สถานะ,ความยาว (นาที),ระดับ,ลิงก์วิดีโอ,ลิงก์เอกสาร,หมายเหตุ
ฟิสิกส์ ม.4,บท 1 บทนำ,ธรรมชาติของวิทยาศาสตร์,ยังไม่ทำ,30,พื้นฐาน,,,
ฟิสิกส์ ม.4,บท 1 บทนำ,การวัดและหน่วย,ยังไม่ทำ,45,พื้นฐาน,,,
ฟิสิกส์ ม.4,บท 2 กลศาสตร์ 1,การเคลื่อนที่แนวตรง,ยังไม่ทำ,60,พื้นฐาน,,,
ฟิสิกส์ ม.4,บท 2 กลศาสตร์ 1,สมการการเคลื่อนที่,ยังไม่ทำ,45,ปานกลาง,,,
ฟิสิกส์ ม.4,บท 2 กลศาสตร์ 1,เวกเตอร์และการบวกเวกเตอร์,ยังไม่ทำ,45,ปานกลาง,,,
ฟิสิกส์ ม.4,บท 3 แรงและกฎการเคลื่อนที่,กฎของนิวตัน 1 2 3,ยังไม่ทำ,60,สำคัญ,,,
ฟิสิกส์ ม.4,บท 3 แรงและกฎการเคลื่อนที่,แรงเสียดทาน,ยังไม่ทำ,45,ปานกลาง,,,
ฟิสิกส์ ม.4,บท 3 แรงและกฎการเคลื่อนที่,แรงตึงเชือก,ยังไม่ทำ,30,ปานกลาง,,,
ฟิสิกส์ ม.4,บท 3 แรงและกฎการเคลื่อนที่,แรงสู่ศูนย์กลาง,ยังไม่ทำ,45,ยาก,,,
ฟิสิกส์ ม.4,บท 4 งานและพลังงาน,งาน (Work),ยังไม่ทำ,30,พื้นฐาน,,,
ฟิสิกส์ ม.4,บท 4 งานและพลังงาน,กำลัง (Power),ยังไม่ทำ,30,พื้นฐาน,,,
ฟิสิกส์ ม.4,บท 4 งานและพลังงาน,พลังงานจลน์,ยังไม่ทำ,45,สำคัญ,,,
ฟิสิกส์ ม.4,บท 4 งานและพลังงาน,พลังงานศักย์,ยังไม่ทำ,45,สำคัญ,,,
ฟิสิกส์ ม.4,บท 4 งานและพลังงาน,กฎอนุรักษ์พลังงาน,ยังไม่ทำ,60,สำคัญ,,,
ฟิสิกส์ ม.4,บท 5 โมเมนตัม,โมเมนตัมเชิงเส้น,ยังไม่ทำ,45,สำคัญ,,,
ฟิสิกส์ ม.4,บท 5 โมเมนตัม,การดลและแรงดล,ยังไม่ทำ,45,ยาก,,,
ฟิสิกส์ ม.4,บท 5 โมเมนตัม,กฎอนุรักษ์โมเมนตัม,ยังไม่ทำ,60,สำคัญ,,,
ฟิสิกส์ ม.4,บท 6 การเคลื่อนที่แบบต่างๆ,การเคลื่อนที่แนววงกลม,ยังไม่ทำ,60,ยาก,,,
ฟิสิกส์ ม.4,บท 6 การเคลื่อนที่แบบต่างๆ,การเคลื่อนที่แบบโปรเจกไทล์,ยังไม่ทำ,45,ปานกลาง,,,
ฟิสิกส์ ม.4,บท 6 การเคลื่อนที่แบบต่างๆ,การสั่นและคาบ,ยังไม่ทำ,60,ยาก,,,
ฟิสิกส์ ม.5,บท 1 คลื่น,ความหมายของคลื่น,ยังไม่ทำ,30,พื้นฐาน,,,
ฟิสิกส์ ม.5,บท 1 คลื่น,สมบัติคลื่น,ยังไม่ทำ,45,สำคัญ,,,
ฟิสิกส์ ม.5,บท 1 คลื่น,การสะท้อนของคลื่น,ยังไม่ทำ,30,พื้นฐาน,,,
ฟิสิกส์ ม.5,บท 1 คลื่น,การหักเหของคลื่น,ยังไม่ทำ,45,สำคัญ,,,
ฟิสิกส์ ม.5,บท 1 คลื่น,การแทรกสอดของคลื่น,ยังไม่ทำ,60,ยาก,,,
ฟิสิกส์ ม.5,บท 1 คลื่น,การเลี้ยวเบนของคลื่น,ยังไม่ทำ,45,ยาก,,,
ฟิสิกส์ ม.5,บท 2 เสียง,ธรรมชาติของเสียง,ยังไม่ทำ,30,พื้นฐาน,,,
ฟิสิกส์ ม.5,บท 2 เสียง,ความเข้มเสียง,ยังไม่ทำ,45,ปานกลาง,,,
ฟิสิกส์ ม.5,บท 2 เสียง,Doppler Effect,ยังไม่ทำ,60,ยาก,,,
ฟิสิกส์ ม.5,บท 2 เสียง,คุณภาพเสียง,ยังไม่ทำ,30,ปานกลาง,,,
ฟิสิกส์ ม.5,บท 3 แสง,ธรรมชาติของแสง,ยังไม่ทำ,30,พื้นฐาน,,,
ฟิสิกส์ ม.5,บท 3 แสง,การสะท้อนของแสง,ยังไม่ทำ,30,พื้นฐาน,,,
ฟิสิกส์ ม.5,บท 3 แสง,กระจกนูน-เว้า,ยังไม่ทำ,60,สำคัญ,,,
ฟิสิกส์ ม.5,บท 3 แสง,เลนส์บาง,ยังไม่ทำ,60,สำคัญ,,,
ฟิสิกส์ ม.5,บท 3 แสง,การหักเหของแสง,ยังไม่ทำ,45,ปานกลาง,,,
ฟิสิกส์ ม.5,บท 3 แสง,สมการเลนส์บาง,ยังไม่ทำ,45,ยาก,,,
ฟิสิกส์ ม.5,บท 4 เลเซอร์และทัศนศาสตร์,หลักการเลเซอร์,ยังไม่ทำ,30,ปานกลาง,,,
ฟิสิกส์ ม.6,บท 1 ไฟฟ้าสถิต,ประจุไฟฟ้า,ยังไม่ทำ,30,พื้นฐาน,,,
ฟิสิกส์ ม.6,บท 1 ไฟฟ้าสถิต,กฎคูลอมบ์,ยังไม่ทำ,45,สำคัญ,,,
ฟิสิกส์ ม.6,บท 1 ไฟฟ้าสถิต,สนามไฟฟ้า,ยังไม่ทำ,60,ยาก,,,
ฟิสิกส์ ม.6,บท 1 ไฟฟ้าสถิต,ศักย์ไฟฟ้า,ยังไม่ทำ,45,ยาก,,,
ฟิสิกส์ ม.6,บท 1 ไฟฟ้าสถิต,ความจุไฟฟ้า,ยังไม่ทำ,45,ปานกลาง,,,
ฟิสิกส์ ม.6,บท 2 ไฟฟ้ากระแส,กระแสไฟฟ้า,ยังไม่ทำ,30,พื้นฐาน,,,
ฟิสิกส์ ม.6,บท 2 ไฟฟ้ากระแส,ohm's Law,ยังไม่ทำ,45,สำคัญ,,,
ฟิสิกส์ ม.6,บท 2 ไฟฟ้ากระแส,วงจรไฟฟ้า,ยังไม่ทำ,60,สำคัญ,,,
ฟิสิกส์ ม.6,บท 2 ไฟฟ้ากระแส, Kirchhoff's Laws,ยังไม่ทำ,60,ยาก,,,
ฟิสิกส์ ม.6,บท 2 ไฟฟ้ากระแส,กำลังไฟฟ้า,ยังไม่ทำ,30,สำคัญ,,,
ฟิสิกส์ ม.6,บท 3 แม่เหล็กไฟฟ้า,สนามแม่เหล็ก,ยังไม่ทำ,45,ปานกลาง,,,
ฟิสิกส์ ม.6,บท 3 แม่เหล็กไฟฟ้า,แรงบนเส้นลวด,ยังไม่ทำ,45,ยาก,,,
ฟิสิกส์ ม.6,บท 3 แม่เหล็กไฟฟ้า,ไฟฟ้าเหนี่ยวนำ,ยังไม่ทำ,60,ยาก,,,
ฟิสิกส์ ม.6,บท 3 แม่เหล็กไฟฟ้า,Faraday's Law,ยังไม่ทำ,60,สำคัญ,,,
ฟิสิกส์ ม.6,บท 4 ไฟฟ้ากระแสสลับ,AC vs DC,ยังไม่ทำ,30,พื้นฐาน,,,
ฟิสิกส์ ม.6,บท 4 ไฟฟ้ากระแสสลับ,ค่า RMS,ยังไม่ทำ,45,ปานกลาง,,,
ฟิสิกส์ ม.6,บท 4 ไฟฟ้ากระแสสลับ,วงจร RL RC RLC,ยังไม่ทำ,90,ยากมาก,,,
ฟิสิกส์ ม.6,บท 4 ไฟฟ้ากระแสสลับ,หม้อแปลง,ยังไม่ทำ,30,ปานกลาง,,,
ฟิสิกส์ ม.6,บท 5 คลื่นแม่เหล็กไฟฟ้า,คลื่นแม่เหล็กไฟฟ้า,ยังไม่ทำ,45,ปานกลาง,,,
ฟิสิกส์ ม.6,บท 5 คลื่นแม่เหล็กไฟฟ้า,สเปกตรัมคลื่นแม่เหล็ก,ยังไม่ทำ,30,พื้นฐาน,,,
ฟิสิกส์ ม.6,บท 6 ฟิสิกส์อะตอม,โครงสร้างอะตอม,ยังไม่ทำ,45,สำคัญ,,,
ฟิสิกส์ ม.6,บท 6 ฟิสิกส์อะตอม,กัมมันตภาพรังสี,ยังไม่ทำ,45,ปานกลาง,,,
ฟิสิกส์ ม.6,บท 6 ฟิสิกส์อะตอม,นิวเคลียร์ฟิสิกส์,ยังไม่ทำ,60,ยาก,,,
ฟิสิกส์ ม.6,บท 7 ฟิสิกส์ทันสมัย,สัมพัทธภาพพิเศษ,ยังไม่ทำ,90,ยากมาก,,,
ฟิสิกส์ ม.6,บท 7 ฟิสิกส์ทันสมัย,กลศาสตร์ควอนตัม,ยังไม่ทำ,90,ยากมาก,,,
ฟิสิกส์ ม.6,บท 7 ฟิสิกส์ทันสมัย,ทฤษฎีอะตอม,ยังไม่ทำ,60,ยาก,,
